Title,Origin_country,genres,Release_date
Homicide: New York (TV Series),United States,"tv series, documentary","March 20, 2024"
3 Body Problem (TV Series),United States,tv series,"March 21, 2024"
Shirley,United States,Drama,"March 22, 2024"
The Casagrandes Movie,United States,Animation,"March 22, 2024"
Descansar en paz,Argentina,Thriller,"March 27, 2024"
The Believers (TV Series),Thailand,tv series,"March 27, 2024"
Testament: The Story of Moses (TV Series),United States,"tv series, documentary","March 27, 2024"
Ronja the Robber's Daughter (TV Series),Sweden,tv series,"March 28, 2024"
The Wages of Fear,France,Thriller,"March 29, 2024"
The Beautiful Game,United Kingdom,Drama,"March 29, 2024"
Heart of the Hunter,South Africa,Thriller,"March 29, 2024"
Ripley (TV Miniseries),United States,miniseries,"April 4, 2024"
The Tearsmith,Italy,Drama,"April 4, 2024"
Crooks (TV Series),Germany,tv series,"April 4, 2024"
Parasyte: The Grey (TV Series),South Korea,tv series,"April 5, 2024"
Scoop,United Kingdom,Drama,"April 5, 2024"
Anthracite (TV Series),France,tv series,"April 10, 2024"
As the Crow Flies (TV Series),Turkey,tv series,"April 11, 2024"
Pared con pared (AKA Tras la pared),Spain,Romance,"April 12, 2024"
Rebel Moon Part 2: The Scargiver,United States,Sci-Fi,"April 19, 2024"
El caso Asunta (TV Miniseries),Spain,miniseries,"April 26, 2024"
Bridgerton 3 (TV Series),United States,tv series,"May 16, 2024"
Atlas,United States,Sci-Fi,"May 24, 2024"
